Scrip Code,COMPANY,ISIN No.,Close Price
542772,360 ONE WAM LIMITED,INE466L01038,1101.3
523395,3M INDIA LTD.,INE470A01017,35516
544176,Aadhar Housing Finance Limited,INE883F01010,494.85
524208,AARTI INDUSTRIES LTD.,INE769A01020,477.35
541988,AAVAS Financiers Limited,INE216P01012,1379.55
500002,ABB INDIA LIMITED,INE117A01022,7369.7
500488,ABBOTT INDIA LTD.,INE358A01014,28003.45
500410,ACC LTD.,INE012A01025,1339.2
544283,ACME Solar Holdings Limited,INE622W01025,366.05
532762,ACTION CONSTRUCTION EQUIPMENT,INE731H01025,1040.15
543349,ACUTAAS CHEMICALS LIMITED,INE00FF01025,3257.15
539254,Adani Energy Solutions Limited,INE931S01010,1703.05
512599,ADANI ENTERPRISES LTD.,INE423A01024,3027.15
541450,Adani Green Energy Limited,INE364U01010,1394.25
532921,ADANI PORTS AND SPECIAL ECONOM,INE742F01042,1768.1
533096,ADANI POWER LTD.,INE814H01029,213.65
542066,ADANI TOTAL GAS LIMITED,INE399L01023,653.2
540691,Aditya Birla Capital Ltd,INE674K01013,394.2
535755,Aditya Birla Fashion and Retai,INE647O01011,56.3
544403,Aditya Birla Lifestyle Brands,INE14LE01019,94.09
500040,ADITYA BIRLA REAL ESTATE LIMIT,INE055A01016,1374
543374,Aditya Birla Sun Life AMC Limi,INE404A01024,1016.9
544466,Aditya Infotech Limited,INE819V01029,3535.15
500003,AEGIS LOGISTICS LTD.,INE208C01025,1349.4
544407,AEGIS VOPAK TERMINALS LIMITED,INE0INX01018,293.05
543534,Aether Industries Limited,INE0BWX01014,1428.15
544280,Afcons Infrastructure Limited,INE101I01011,285.95
542752,AFFLE 3I LIMITED,INE00WC01027,1444.35
532683,AIA ENGINEERING LTD.,INE212H01026,4584.8
532331,AJANTA PHARMA LTD.,INE031B01049,3366.45
539523,Alkem Laboratories Limited,INE540L01014,5635.6
544203,Allied Blenders and Distillers,INE552Z01027,619.7
521070,ALOK INDUSTRIES LTD.,INE270A01029,12.08
500008,Amara Raja Energy & Mobility L,INE885A01032,872.9
540902,Amber Enterprises India Limite,INE371P01015,7260.75
500425,AMBUJA CEMENTS LTD.,INE079A01024,424.95
543415,Anand Rathi Wealth Limited,INE463V01026,2041.8
515055,ANANT RAJ LIMITED,INE242C01024,587.55
543235,ANGEL ONE LIMITED,INE732I01021,308
544449,Anthem Biosciences Limited,INE0CZ201020,769.9
532259,APAR INDUSTRIES LTD.,INE372A01015,13855.4
533758,APL APOLLO TUBES LTD.,INE702C01027,1825.7
508869,APOLLO HOSPITALS ENTERPRISE LT,INE437A01024,8804.3
500877,APOLLO TYRES LTD.,INE438A01022,419.45
543335,Aptus Value Housing Finance In,INE852O01025,277.35
515030,ASAHI INDIA GLASS LTD.,INE439A01020,886.1
500477,ASHOK LEYLAND LTD.,INE208A01029,151.15
500820,ASIAN PAINTS LTD.,INE021A01026,2638.3
540975,Aster DM Healthcare Limited,INE914M01019,784
532830,ASTRAL LIMITED,INE006I01046,1467.95
544397,Ather Energy Limited,INE0LEZ01016,1209.2
500027,ATUL LTD.,INE100A01010,6394.95
540611,AU Small Finance Bank Limited,INE949L01017,1002.25
524804,AUROBINDO PHARMA LTD.,INE406A01037,1531.5
539177,Authum Investment & Infrastruc,INE206F01022,530.9
540376,Avenue Supermarts Limited,INE192R01011,4017.8
543458,AWL AGRI BUSINESS LIMITED,INE699H01024,188.2
532215,AXIS BANK LTD.,INE238A01034,1228.1
532977,BAJAJ AUTO LTD.,INE917I01010,11128.05
500034,BAJAJ FINANCE LIMITED,INE296A01032,1012.65
532978,BAJAJ FINSERV LTD.,INE918I01026,1876.95
500490,BAJAJ HOLDINGS & INVESTMENT LT,INE118A01012,10677.3
544252,Bajaj Housing Finance Limited,INE377Y01014,84.18
502355,BALKRISHNA INDUSTRIES LTD.,INE787D01026,2014
500038,BALRAMPUR CHINI MILLS LTD,INE119A01028,610.15
541153,Bandhan Bank Limited,INE545U01014,166
532134,BANK OF BARODA,INE028A01039,246.6
532149,BANK OF INDIA,INE084A01016,142.65
532525,BANK OF MAHARASHTRA,INE457A01014,81.14
500043,BATA INDIA LTD.,INE176A01028,688.85
506285,BAYER CROPSCIENCE LTD.,INE462A01022,4218.45
544405,BELRISE INDUSTRIES LIMITED,INE894V01022,228.4
500048,BEML LTD.,INE258A01024,1713.1
509480,BERGER PAINTS INDIA LTD.,INE463A01038,497.9
541143,Bharat Dynamics Limited,INE171Z01026,1242.4
500049,BHARAT ELECTRONICS LTD.,INE263A01024,405.05
500493,BHARAT FORGE LTD.,INE465A01025,2151.85
500103,BHARAT HEAVY ELECTRICALS LTD.,INE257A01026,417.2
500547,BHARAT PETROLEUM CORPORATION L,INE029A01011,310.2
532454,BHARTI AIRTEL LTD.,INE397D01024,1899.1
544162,Bharti Hexacom Limited,INE343G01021,1607.05
543653,Bikaji Foods International Lim,INE00E101023,633.1
544603,Billionbrains Garage Ventures,INE0HOQ01053,202.3
532523,BIOCON LTD.,INE376G01013,433.7
532400,BIRLASOFT LIMITED,INE836A01035,282.5
540073,BLS International Services Ltd,INE153T01027,233.65
526612,BLUE DART EXPRESS LTD.,INE233B01017,4896.75
500067,BLUE STAR LTD.,INE472A01039,1637
500530,BOSCH LTD.,INE323A01026,41766.35
544226,Brainbees Solutions Limited,INE02RE01045,208.4
532929,BRIGADE ENTERPRISES LTD.,INE791I01019,525.4
500825,BRITANNIA INDUSTRIES LTD.,INE216A01030,5383.75
543425,C.E. Info Systems Limited,INE0BV301023,1116.55
511196,CAN FIN HOMES LTD.,INE477A01020,814.2
532483,CANARA BANK,INE476A01022,125.7
524742,CAPLIN POINT LABORATORIES LTD.,INE475E01026,2464.65
531595,CAPRI GLOBAL CAPITAL LIMITED,INE180C01042,238.15
513375,CARBORUNDUM UNIVERSAL LTD.,INE120A01034,1064.15
500870,CASTROL INDIA LTD.,INE172A01027,184.85
519600,CCL PRODUCTS (INDIA) LTD.,INE421D01022,1182.55
500878,CEAT LTD.,INE482A01020,3325.45
544012,Cello World Limited,INE0LMW01024,344.45
509496,Cemindia Projects Limited,INE686A01026,1441.15
532885,CENTRAL BANK OF INDIA,INE483A01010,31.03
532443,CERA SANITARYWARE LTD.,INE739E01017,6017.95
500084,CESC LTD.,INE486A01021,163.1
500093,CG Power and Industrial Soluti,INE067A01029,866.35
542399,Chalet Hotels Limited,INE427F01016,815.05
500085,CHAMBAL FERTILISERS & CHEMICAL,INE085A01013,431.5
500110,CHENNAI PETROLEUM CORPORATION,INE178A01016,1214
531358,CHOICE INTERNATIONAL LTD.,INE102B01014,797.5
504973,CHOLAMANDALAM FINANCIAL HOLDIN,INE149A01033,1518.2
511243,CHOLAMANDALAM INVESTMENT AND F,INE121A01024,1725.7
532756,CIE Automotive India Limited,INE536H01010,413.9
500087,CIPLA LTD.,INE059A01026,1410.9
532210,CITY UNION BANK LIMITED,INE491A01021,219.75
543318,Clean Science and Technology L,INE227W01023,720.95
533278,COAL INDIA LTD.,INE522F01014,427.25
540678,Cochin Shipyard Limited,INE704P01025,1391.95
532541,COFORGE LIMITED,INE591G01025,1484.7
543064,Cohance Lifesciences Limited,INE03QK01018,417.6
500830,COLGATE-PALMOLIVE (INDIA) LTD.,INE259A01022,2088.25
543232,Computer Age Management Servic,INE596I01020,761.15
543960,Concord Biotech Limited,INE338H01029,1248.65
531344,CONTAINER CORPORATION OF INDIA,INE111A01025,477.8
506395,COROMANDEL INTERNATIONAL LTD.,INE169A01031,1981.15
543276,Craftsman Automation Limited,INE00LO01017,9295.9
541770,CreditAccess Grameen Ltd.,INE741K01010,1516.9
500092,CRISIL LTD.,INE007A01025,4350.3
539876,Crompton Greaves Consumer Elec,INE299U01018,249.95
500480,CUMMINS INDIA LTD.,INE298A01020,5601.85
532175,CYIENT LIMITED,INE136B01020,840
500096,DABUR INDIA LTD.,INE016A01026,423.4
542216,DALMIA BHARAT LIMITED,INE00R701025,1808.75
543428,Data Patterns (India) Limited,INE0IX101010,4582.5
523367,DCM SHRIRAM LIMITED,INE499A01024,1005.45
500645,DEEPAK FERTILISERS & PETROCHEM,INE501A01019,1571.55
506401,DEEPAK NITRITE LTD.,INE288B01029,1649.5
543529,Delhivery Limited,INE148O01028,462.55
543330,Devyani International Limited,INE872J01023,112.3
532488,DIVIS LABORATORIES LTD.,INE361B01024,7246.65
540699,Dixon Technologies (India) Lim,INE935N01020,13845.25
532868,DLF LTD.,INE271C01023,645.5
544045,DOMS Industries Limited,INE321T01012,2221.85
539524,Dr. Lal Pathlabs Limited,INE600L01024,1756.7
500124,DR.REDDYS LABORATORIES LTD.,INE089A01031,1152.6
500125,E.I.D.-PARRY (INDIA) LTD.,INE126A01031,757.8
532927,ECLERX SERVICES LTD.,INE738I01010,1861.5
505200,EICHER MOTORS LTD.,INE066A01021,7628.4
500840,EIH LTD.,INE230A01023,325.35
505700,ELECON ENGINEERING CO.LTD.,INE205B01031,421.5
522074,ELGI EQUIPMENTS LTD.,INE285A01027,577.85
531162,EMAMI LTD.,INE548C01032,408.3
532832,EMBASSY DEVELOPMENTS LIMITED,INE069I01010,61.28
544210,Emcure Pharmaceuticals Limited,INE168P01015,1881.65
544608,Emmvee Photovoltaic Power Limi,INE1C6T01020,330.7
540153,Endurance Technologies Limited,INE913H01037,2637.35
532178,ENGINEERS INDIA LTD.,INE510A01028,225.3
540596,Eris Lifesciences Limited,INE406M01024,1398.9
500495,Escorts Kubota Limited,INE042A01014,2903.5
543320,Eternal Limited,INE758T01015,280
500086,EXIDE INDUSTRIES LTD.,INE302A01020,442.95
500469,FEDERAL BANK LTD.,INE171A01029,354.2
500144,FINOLEX CABLES LTD.,INE235A01022,998.55
500940,FINOLEX INDUSTRIES LTD.,INE183A01024,163.6
532809,FIRSTSOURCE SOLUTIONS LTD.,INE684F01012,253.8
543663,Five-Star Business Finance Ltd,INE128S01021,535.15
500033,FORCE MOTORS LTD.,INE451A01017,17627.1
532843,FORTIS HEALTHCARE LTD.,INE061F01013,945.15
543384,FSN E-Commerce Ventures Limite,INE388Y01029,322.8
505714,GABRIEL INDIA LTD.,INE524A01029,1364.05
532155,GAIL (INDIA) LTD.,INE129A01019,170
532726,GALLANTT ISPAT LIMITED,INE297H01019,523.9
542011,Garden Reach Shipbuilders & En,INE382Z01011,2565.45
522275,GE Vernova T&D India Limited,INE200A01026,4156.75
540755,General Insurance Corporation,INE481Y01014,357.4
507815,GILLETTE INDIA LTD.,INE322A01010,7816.8
543245,Gland Pharma Limited,INE068V01023,2378.35
500660,GLAXOSMITHKLINE PHARMACEUTICAL,INE159A01016,2513.25
532296,GLENMARK PHARMACEUTICALS LTD.,INE935A01035,2193.25
543654,Global Health Limited,INE474Q01031,1370.4
532754,GMR Airports Limited,INE776C01039,107.1
544179,Go Digit General Insurance Lim,INE03JT01014,256.5
532734,GODAWARI POWER & ISPAT LTD.,INE177H01039,240.25
500163,GODFREY PHILLIPS INDIA LTD.,INE260B01028,2127.1
540743,Godrej Agrovet Limited,INE850D01014,574.05
532424,GODREJ CONSUMER PRODUCTS LTD.,INE102D01028,1059.2
500164,GODREJ INDUSTRIES LTD.,INE233A01035,1331.95
533150,GODREJ PROPERTIES LTD,INE484J01027,2026.55
532482,GRANULES INDIA LTD.,INE101D01020,833.65
509488,GRAPHITE INDIA LTD.,INE371A01025,672.6
500300,GRASIM INDUSTRIES LTD.,INE047A01021,3087.45
533282,GRAVITA INDIA LTD.,INE024L01027,1775.35
500620,GREAT EASTERN SHIPPING CO.LTD.,INE017A01032,1437.4
506076,GRINDWELL NORTON LTD.,INE536A01023,2011.75
544801,GSPL Transmission Limited,INE1TUG01013,148.5
539336,Gujarat Energy Limited,INE844O01030,265.3
542812,Gujarat Fluorochemicals Limite,INE09N301011,4597.7
532181,GUJARAT MINERAL DEVELOPMENT CO,INE131A01031,562.55
500670,GUJARAT NARMADA VALLEY FERTILI,INE113A01013,503.35
500690,GUJARAT STATE FERTILIZERS & CH,INE026A01025,154.5
517354,HAVELLS INDIA LTD.,INE176B01034,1226.8
517271,HBL ENGINEERING LIMITED,INE292B01021,698.55
532281,HCL TECHNOLOGIES LTD.,INE860A01027,1270.7
544429,HDB FINANCIAL SERVICES LIMITED,INE756I01012,691.2
541729,HDFC Asset Management Company,INE127D01025,2505.7
500180,HDFC BANK LTD.,INE040A01034,742.6
540777,HDFC LIFE INSURANCE COMPANY LI,INE795G01014,555.1
509631,HEG LTD.,INE545A01024,642.6
500182,HERO MOTOCORP LTD.,INE158A01026,5010.8
544362,Hexaware Technologies Limited,INE093A01041,551.55
500183,HFCL LIMITED,INE548A01028,196.85
500184,Himadri Speciality Chemical Lt,INE019C01026,789.3
500440,HINDALCO INDUSTRIES LTD.,INE038A01020,942.75
541154,Hindustan Aeronautics Limited,INE066F01020,4569.15
513599,HINDUSTAN COPPER LTD.,INE531E01026,483.35
500104,HINDUSTAN PETROLEUM CORPORATIO,INE094A01015,381.25
500696,HINDUSTAN UNILEVER LTD.,INE030A01027,2144.75
500188,HINDUSTAN ZINC LTD.,INE267A01025,531.95
543187,HITACHI ENERGY INDIA LIMITED,INE07Y701011,31069.5
543259,Home First Finance Company Ind,INE481N01025,1173.75
544014,Honasa Consumer Limited,INE0J5401028,448.9
517174,HONEYWELL AUTOMATION INDIA LTD,INE671A01010,37481.05
540530,Housing &Urban Development Cor,INE031A01017,195.75
544274,HYUNDAI MOTOR INDIA LIMITED,INE0V6F01027,1953.2
532174,ICICI BANK LTD.,INE090A01021,1433.15
540716,ICICI Lombard General Insuranc,INE765G01017,1661.5
544658,ICICI Prudential Asset Managem,INE346A01027,3125.9
540133,ICICI Prudential Life Insuranc,INE726G01019,500.3
500116,IDBI BANK LTD.,INE008A01015,84.96
539437,IDFC FIRST BANK LIMITED,INE092T01019,80.83
500106,IFCI LTD.,INE039A01010,70.15
532636,IIFL FINANCE LIMITED,INE530B01024,557.1
544172,Indegene Limited,INE065X01017,492.75
530005,INDIA CEMENTS LTD.,INE383A01012,407.6
542726,IndiaMART InterMESH Limited,INE933S01016,1757.85
532814,INDIAN BANK,INE562A01011,826.4
540750,Indian Energy Exchange Limited,INE022Q01020,124.25
530965,INDIAN OIL CORPORATION LTD.,INE242A01010,138.5
532388,INDIAN OVERSEAS BANK,INE565A01014,33.86
542830,Indian Railway Catering and To,INE335Y01020,495.2
543257,Indian Railway Finance Corpora,INE053F01010,87.62
544026,Indian Renewable Energy Develo,INE202E01016,120.5
532514,INDRAPRASTHA GAS LTD.,INE203G01027,149.3
534816,INDUS TOWERS LIMITED,INE121J01017,394.4
532187,INDUSIND BANK LTD.,INE095A01012,995.95
532777,INFO EDGE (INDIA) LTD.,INE663F01032,1165.1
500209,INFOSYS LTD.,INE009A01021,1040.95
539083,Inox Wind Limited,INE066P01011,76.93
538835,INTELLECT DESIGN ARENA LIMITED,INE306R01017,732.8
539448,InterGlobe Aviation Limited,INE646L01027,4984.95
544311,International Gemological Inst,INE0Q9301021,338.75
544309,INVENTURUS KNOWLEDGE SOLUTIONS,INE115Q01022,1760.6
524494,IPCA LABORATORIES LTD.,INE571A01038,1762.7
532947,IRB INFRASTRUCTURE DEVELOPERS,INE821I01022,19.62
541956,IRCON International Ltd,INE962Y01021,126.1
544325,ITC Hotels Limited,INE379A01028,159.9
500875,ITC LTD.,INE154A01025,283.6
532644,J.K.CEMENT LTD.,INE823G01014,5653.3
532627,JAIPRAKASH POWER VENTURES LIMI,INE351F01018,16.96
532209,JAMMU & KASHMIR BANK LTD.,INE168A01041,172.7
532605,JBM AUTO LTD.,INE927D01051,656.35
500378,JINDAL SAW LTD.,INE324A01032,255.5
532508,JINDAL STAINLESS LTD.,INE220G01021,714.55
532286,JINDAL STEEL LIMITED,INE749A01030,1035.95
543940,Jio Financial Services Limited,INE758E01017,234.75
500380,JK LAKSHMI CEMENT LTD.,INE786A01032,572.15
523405,JM FINANCIAL LTD.,INE780C01023,122.05
544480,JSW CEMENT LIMITED,INE718I01012,132
500710,JSW Dulux Limited,INE133A01011,2937.65
533148,JSW ENERGY LTD,INE121E01018,551.9
532642,JSW HOLDINGS LIMITED,INE824G01012,10857.2
543994,JSW Infrastructure Limited,INE880J01026,322.4
500228,JSW STEEL LTD.,INE019A01038,1240.65
533155,JUBILANT FOODWORKS LTD,INE797F01020,418.4
543271,Jubilant Ingrevia Limited,INE0BY001018,725.5
530019,JUBILANT PHARMOVA LIMITED,INE700A01033,962
533272,JUPITER WAGONS LIMITED,INE209L01016,246.7
532926,JYOTHY LABS LIMITED,INE668F01031,198.6
544081,Jyoti CNC Automation Limited,INE980O01024,796.2
532889,K.P.R.MILL LIMITED,INE930H01031,1061.95
500233,KAJARIA CERAMICS LTD.,INE217B01036,1212.65
522287,KALPATARU PROJECTS INTERNATION,INE220B01022,1303.65
543278,Kalyan Jewellers India Limited,INE303R01014,573.1
500165,KANSAI NEROLAC PAINTS LTD.,INE531A01024,193.1
543664,KAYNES TECHNOLOGY INDIA LIMITE,INE918Z01012,3176.1
532714,KEC INTERNATIONAL LTD.,INE389H01022,470.9
517569,KEI INDUSTRIES LTD.,INE878B01027,4869.6
543720,KFin Technologies Limited,INE138Y01010,858
500241,KIRLOSKAR BROTHERS LTD.,INE732A01036,1834.5
533293,KIRLOSKAR OIL ENGINES LTD.,INE146L01010,2181.55
500247,KOTAK MAHINDRA BANK LTD.,INE237A01036,384.7
542651,KPIT Technologies Ltd,INE04I401011,583
543308,Krishna Institute of Medical S,INE967H01025,797.25
533519,L&T Finance Limited,INE498L01015,302.4
540115,L&T Technology Services Limite,INE010V01017,3417.9
500510,LARSEN & TOUBRO LTD.,INE018A01030,3785.25
543398,Latent View Analytics Limited,INE0I7C01011,295.95
540222,Laurus Labs Limited,INE947Q01028,1602.3
544408,Leela Palaces Hotels & Resorts,INE0AQ201015,474.3
541233,Lemon Tree Hotels Limited,INE970X01018,109.25
544600,Lenskart Solutions Limited,INE956O01016,555.8
544576,LG Electronics India Limited,INE324D01010,1525.25
500253,LIC HOUSING FINANCE LTD.,INE115A01026,538.9
543526,LIFE INSURANCE CORPORATION OF,INE0J1Y01017,421.35
523457,Linde India Limited,INE473A01011,6735.4
512455,LLOYDS METALS AND ENERGY LTD.,INE281B01032,1939.55
543287,Lodha Developers Limited,INE670K01029,1144.4
532783,LT FOODS LTD.,INE818H01020,375.5
540005,LTM LIMITED,INE214T01019,4094.7
500257,LUPIN LTD.,INE326A01037,2369.45
539957,Mahanagar Gas Limited,INE002S01010,1075.9
500265,MAHARASHTRA SEAMLESS LTD.,INE271B01025,571.65
532720,MAHINDRA & MAHINDRA FINANCIAL,INE774D01024,356.45
500520,MAHINDRA & MAHINDRA LTD.,INE101A01026,3161
531213,Manappuram Finance Ltd,INE522D01027,352.85
500109,MANGALORE REFINERY & PETROCHEM,INE103A01014,169.7
543904,Mankind Pharma Limited,INE634S01028,2505.4
531642,MARICO LTD.,INE196A01026,855.8
532500,MARUTI SUZUKI INDIA LTD.,INE585B01010,13448.4
500271,Max Financial Services Limited,INE180A01020,1516.65
543220,Max Healthcare Institute Limit,INE027H01010,1081.5
543237,Mazagon Dock Shipbuilders Limi,INE249Z01020,2294.65
543427,Medplus Health Services Limite,INE804L01022,720.9
544632,Meesho Limited,INE0VDM01015,185.25
538962,Minda Corporation Limited,INE842C01021,676.2
543498,Motherson Sumi Wiring India Li,INE0FS801015,40.09
532892,MOTILAL OSWAL FINANCIAL SERVIC,INE338I01027,870.55
526299,MPHASIS LTD.,INE356A01018,2289.3
500290,MRF LTD.,INE883A01011,130754.45
534091,MULTI COMMODITY EXCHANGE OF IN,INE745G01043,2729.6
533398,MUTHOOT FINANCE LTD.,INE414G01012,2986.1
539551,Narayana Hrudayalaya Limited,INE410P01011,1962.15
524816,NATCO PHARMA LTD.,INE987B01026,920.8
532234,NATIONAL ALUMINIUM CO.LTD.,INE139A01034,343.95
544467,National Securities Depository,INE301O01023,810.05
513023,NAVA LIMITED,INE725A01030,554.6
532504,NAVIN FLUORINE INTERNATIONAL L,INE048G01026,7525.25
534309,NBCC (India) Limited,INE095N01031,93.85
500294,NCC LIMITED,INE868B01028,136.95
500790,NESTLE INDIA LTD.,INE239A01024,1443.7
543945,NETWEB TECHNOLOGIES INDIA LIMI,INE0NT901020,4154.85
524558,NEULAND LABORATORIES LTD.,INE794A01010,18570.85
540900,Newgen Software Technologies L,INE619B01017,505.65
533098,NHPC LTD.,INE848E01016,79.4
540767,NIPPON LIFE INDIA ASSET MANAGE,INE298J01013,1112.65
513683,NLC India Limited,INE589A01014,292.95
526371,NMDC LTD.,INE584A01023,83.57
543768,NMDC Steel Limited,INE0NNS01018,41.4
544289,NTPC GREEN ENERGY LIMITED,INE0ONG01011,96.29
532555,NTPC LTD.,INE733E01010,347.15
543988,Nuvama Wealth Management Limit,INE531F01023,1979.8
543334,Nuvoco Vistas Corporation Limi,INE118D01016,355.7
533273,OBEROI REALTY LTD.,INE093I01010,1820.1
500312,OIL AND NATURAL GAS CORPORATIO,INE213A01029,248.75
533106,OIL INDIA LTD.,INE274J01014,450
544225,Ola Electric Mobility Limited,INE0LXG01040,37.07
532439,OLECTRA GREENTECH LIMITED,INE260D01016,1334.25
543396,One 97 Communications Limited,INE982J01020,1284
544292,Onesource Specialty Pharma Lim,INE013P01021,1653.4
532466,ORACLE FINANCIAL SERVICES SOFT,INE881D01027,10660.4
523642,P.I.INDUSTRIES LTD.,INE603J01030,2731.25
532827,PAGE INDUSTRIES LTD.,INE761H01022,40289.85
543530,Paradeep Phosphates Limited,INE088F01024,136
500368,Patanjali Foods Limited,INE619A01035,341
543390,PB Fintech Limited,INE417T01026,1538.55
506590,PCBL Chemical Limited,INE602A01031,317.65
533179,PERSISTENT SYSTEMS LTD.,INE262H01021,5203.15
532522,PETRONET LNG LTD.,INE347G01014,274.75
533581,PG ELECTROPLAST LTD.,INE457L01029,572
544609,Physicswallah Limited,INE0LP301011,128.7
500331,PIDILITE INDUSTRIES LTD.,INE318A01026,1570.9
544606,Pine Labs Limited,INE15B701018,145.8
544597,Piramal Finance Limited,INE202B01038,2086.4
543635,PIRAMAL PHARMA LIMITED,INE0DK501011,181.15
540173,PNB Housing Finance Limited,INE572E01012,1057.95
531768,POLY MEDICURE LTD.,INE205C01021,1666.5
542652,Polycab India Limited,INE455K01017,8905.4
524000,POONAWALLA FINCORP LIMITED,INE511C01022,458.4
532810,POWER FINANCE CORPORATION LTD.,INE134E01011,412.1
532898,POWER GRID CORPORATION OF INDI,INE752E01010,288.3
544238,Premier Energies Limited,INE0BS701011,1018.55
533274,PRESTIGE ESTATES PROJECTS LTD.,INE811K01011,1592.1
532748,PRIME FOCUS LTD.,INE367G01038,289.1
500459,PROCTER & GAMBLE HYGIENE & HEA,INE179A01014,8963.95
539006,PTC Industries Ltd.,INE596F01018,17733.7
532461,PUNJAB NATIONAL BANK,INE160A01022,110.45
532689,PVR INOX LIMITED,INE191H01014,1063.35
543981,R R KABEL LIMITED,INE777K01022,2497
532497,RADICO KHAITAN LTD.,INE944F01028,4090.65
542649,Rail Vikas Nigam Limited,INE415G01027,224.55
543265,RailTel Corporation of India L,INE0DD101019,284.95
543524,Rainbow Children's Medicare Li,INE961O01016,1455.45
532527,RAMKRISHNA FORGINGS LTD.,INE399G01023,579.35
524230,RASHTRIYA CHEMICALS & FERTILIZ,INE027A01015,124.1
540065,RBL Bank Limited,INE976G01028,352.95
532955,REC LIMITED,INE020B01018,361.45
532805,Redington Limited,INE891D01026,259.1
500325,RELIANCE INDUSTRIES LTD.,INE002A01018,1278.15
532939,RELIANCE POWER LTD.,INE614G01033,24.08
534076,RHI MAGNESITA INDIA LIMITED,INE743M01012,399.65
541556,RITES Limited,INE320J01015,213.75
544282,Sagility Limited,INE0W2G01015,40.46
544306,Sai Life Sciences Limited,INE570L01029,1232.3
535789,Sammaan Capital Limited,INE148I01020,160.7
517334,Samvardhana Motherson Internat,INE775A01035,145.55
543397,Sapphire Foods India Limited,INE806T01020,178.95
504614,SARDA ENERGY & MINERALS LTD.,INE385C01021,501.5
543066,SBI CARDS AND PAYMENT SERVICES,INE018E01016,618.95
540719,SBI Life Insurance Company Lim,INE123W01016,1857.65
505790,Schaeffler India Limited,INE513A01022,4103.9
534139,SCHNEIDER ELECTRIC INFRASTRUCT,INE839M01018,1353.7
500387,SHREE CEMENT LTD.,INE070A01015,26739.35
511218,Shriram Finance Limited,INE721A01047,1005
543299,Shyam Metalics and Energy Limi,INE810G01011,1027.25
544390,Siemens Energy India Limited,INE1NPP01017,3240.1
500550,SIEMENS LTD.,INE003A01024,3686.6
543990,SIGNATUREGLOBAL (INDIA) LIMITE,INE903U01023,769.2
533206,SJVN LTD,INE002L01015,67.54
532784,SOBHA,INE671H01015,1363.15
532725,SOLAR INDUSTRIES INDIA LTD.,INE343H01029,18489.15
543300,Sona BLW Precision Forgings Li,INE073K01018,717.7
532221,SONATA SOFTWARE LTD.,INE269A01021,288.15
503806,SRF LTD.,INE647A01010,2661.2
543412,Star Health and Allied Insuran,INE575P01011,581.55
500112,STATE BANK OF INDIA,INE062A01020,1015.05
500113,STEEL AUTHORITY OF INDIA LTD.,INE114A01011,161.55
542920,SUMITOMO CHEMICAL INDIA LIMITE,INE258G01013,520.1
524715,SUN PHARMACEUTICAL INDUSTRIES,INE044A01036,1941
532733,SUN TV NETWORK LTD.,INE424H01027,486.75
509930,SUPREME INDUSTRIES LTD.,INE195A01028,3459.25
532667,SUZLON ENERGY LTD.,INE040H01021,52.3
503310,Swan Corp Limited,INE665A01038,310.1
544285,SWIGGY LIMITED,INE00H001014,251.4
539268,Syngene International Limited,INE398R01022,406.6
543573,Syrma SGS Technology Limited,INE0DYJ01015,1294.15
544574,Tata Capital Limited,INE976I01016,341.45
500770,TATA CHEMICALS LTD.,INE092A01019,684.5
500483,TATA COMMUNICATIONS LTD.,INE151A01013,1773.6
532540,TATA CONSULTANCY SERVICES LTD.,INE467B01029,2253.9
500800,TATA CONSUMER PRODUCTS LIMITED,INE192A01025,1088.6
500408,TATA ELXSI LTD.,INE670A01012,3539.4
501301,TATA INVESTMENT CORPORATION LT,INE672A01026,631.4
544569,Tata Motors Limited,INE1TAE01010,406.2
500570,TATA MOTORS PASSENGER VEHICLES,INE155A01022,323.85
500400,TATA POWER CO.LTD.,INE245A01021,374.55
500470,TATA STEEL LTD.,INE081A01020,182.7
544028,Tata Technologies Limited,INE142M01025,711
544174,TBO TEK LIMITED,INE673O01025,1429.9
532755,TECH MAHINDRA LTD.,INE669C01036,1560.3
542141,Techno Electric & Engineering,INE285K01026,993.6
540595,Tejas Networks Limited,INE010J01012,496.2
544612,Tenneco Clean Air India Limite,INE19RI01016,539.85
501425,The Bombay Burmah Trading Corp,INE050A01025,1458.25
500850,THE INDIAN HOTELS COMPANY LTD,INE053A01029,727.4
540769,The New India Assurance Compan,INE470Y01017,173.2
503100,THE PHOENIX MILLS LTD,INE211B01039,2012.25
500260,THE RAMCO CEMENTS LIMITED,INE331A01037,914.4
500411,THERMAX LTD.,INE152A01029,4517.5
522113,TIMKEN INDIA LTD.,INE325A01013,3127.7
532966,TITAGARH RAIL SYSTEMS LIMITED,INE615H01020,819.75
500114,TITAN COMPANY LIMITED,INE280A01028,4681.7
500420,TORRENT PHARMACEUTICALS LTD.,INE685A01028,4959.8
532779,TORRENT POWER LTD.,INE813H01021,1436.6
532928,TRANSFORMERS AND RECTIFIERS (I,INE763I01026,295.1
544443,TRAVEL FOOD SERVICES LIMITED,INE103V01028,1286.9
500251,TRENT LTD.,INE849A01020,2891.25
521064,TRIDENT LTD.,INE064C01022,25.13
533655,TRIVENI TURBINE LTD.,INE152M01016,611.6
540762,Tube Investments of India Ltd,INE974X01010,2766.9
520056,TVS Holdings Limited,INE105A01035,14621.2
532343,TVS MOTOR COMPANY LTD.,INE494B01023,3870.05
532505,UCO BANK,INE691A01018,25.86
532538,ULTRATECH CEMENT LTD.,INE481G01011,11839.55
532477,UNION BANK OF INDIA,INE692A01016,170.5
532478,UNITED BREWERIES LTD.,INE686F01025,1398.4
532432,UNITED SPIRITS LTD.,INE854D01024,1468.2
532539,UNO Minda Limited,INE405E01023,1128.05
512070,UPL LIMITED,INE628A01036,602.1
544515,Urban Company Limited,INE0CAZ01013,129.8
517146,USHA MARTIN LTD.,INE228A01035,495.25
543238,UTI Asset Management Company L,INE094J01016,880.6
502986,VARDHMAN TEXTILES LTD.,INE825A01020,612.95
540180,Varun Beverages Limited,INE200M01039,457.3
543463,Vedant Fashions Limited,INE825V01034,403.4
544307,Vishal Mega Mart Limited,INE01EA01019,108
532822,VODAFONE IDEA  LIMITED,INE669E01016,13.13
500575,VOLTAS LTD.,INE226A01021,1327.4
544277,Waaree Energies Limited,INE377N01017,2700.85
532144,WELSPUN CORP LIMITED,INE191B01025,1596.95
514162,WELSPUN LIVING LIMITED,INE192B01031,161.9
500238,WHIRLPOOL OF INDIA LTD.,INE716A01013,771.6
507685,WIPRO LTD.,INE075A01022,177.15
532300,WOCKHARDT LTD.,INE049B01025,1849.9
532648,YES BANK LTD.,INE528G01035,22.96
505537,ZEE ENTERTAINMENT ENTERPRISES,INE256A01028,104.85
533339,ZEN TECHNOLOGIES LTD.,INE251B01027,1769.5
504067,ZENSAR TECHNOLOGIES LTD.,INE520A01027,505.85
533023,ZF Commercial Vehicle Control,INE342J01019,2317.95
532321,Zydus Lifesciences Limited,INE010B01027,1108.9
531335,ZYDUS WELLNESS LTD.,INE768C01028,561.65
